,MAPE,RMSE,R2
result,1.073271645536176,15.78540768864131,-0.6335453429290541
