,MAPE,RMSE,R2
result,1.242738411343807,15.37776065747771,-0.565925808050681
