,MAPE,RMSE,R2
result,0.9563116561901219,14.413646453299078,-0.3702873837337717
