,MAPE,RMSE,R2
result,0.9591561955145581,14.20874860724623,-0.33127977782486084
