,MAPE,RMSE,R2
result,0.8921811292376605,12.90736682446306,-0.1001714276300334
