,MAPE,RMSE,R2
result,1.0464909293956395,13.94463282556749,-0.2828672864651576
