,MAPE,RMSE,R2
result,0.934193882200616,15.135730683947157,-0.5100322417667063
