,MAPE,RMSE,R2
result,1.010265335307616,13.093213053855775,-0.13165108665444536
