,MAPE,RMSE,R2
result,1.0549097372243972,12.534712833222505,-0.0363172003364427
