,MAPE,RMSE,R2
result,0.8116057537425647,15.283001159134963,-0.5399207137716482
