,MAPE,RMSE,R2
result,0.8830088454379175,13.345132954653504,-0.17259046768816444
