,MAPE,RMSE,R2
result,0.9748749768637052,12.893321934415495,-0.09672367146960736
