,MAPE,RMSE,R2
result,0.7117187561362247,12.942780974962975,-0.10442511076423333
