,MAPE,RMSE,R2
result,1.1092888182709422,15.192456082263286,-0.5236178581150492
