,MAPE,RMSE,R2
result,1.0762609556581235,15.49876635287045,-0.5727721131761467
