,MAPE,RMSE,R2
result,1.2386337260484621,15.81206031434289,-0.6556247572865685
