,MAPE,RMSE,R2
result,0.7057227392817018,12.554446295525185,-0.039328419544545135
