,MAPE,RMSE,R2
result,1.0879360531414413,15.342294068369993,-0.5498196211554662
