,MAPE,RMSE,R2
result,1.0292203619453113,13.052007650109756,-0.12288188747198658
