,MAPE,RMSE,R2
result,1.1867577434664858,16.70892881239554,-0.8279686998456495
