,MAPE,RMSE,R2
result,0.9263738199324526,14.449361136872984,-0.3767496276026938
