,MAPE,RMSE,R2
result,0.7709544347207549,13.157604271612133,-0.143243384638718
