,MAPE,RMSE,R2
result,1.1099809278388244,13.783673114103081,-0.2455165947522202
