,MAPE,RMSE,R2
result,0.8465909803808243,13.823760217881606,-0.25951735823506183
