,MAPE,RMSE,R2
result,0.8038288927564208,12.958166473802365,-0.10672286621612725
