,MAPE,RMSE,R2
result,1.244234907244305,16.645231406469193,-0.8269949573704947
